person_id,name
PERS_0000,Individual 0000
PERS_0001,Individual 0001
PERS_0002,Individual 0002
PERS_0003,Individual 0003
PERS_0004,Individual 0004
PERS_0005,Individual 0005
PERS_0006,Individual 0006
PERS_0007,Individual 0007
PERS_0008,Individual 0008
PERS_0009,Individual 0009
PERS_0010,Individual 0010
PERS_0011,Individual 0011
PERS_0012,Individual 0012
PERS_0013,Individual 0013
PERS_0014,Individual 0014
PERS_0015,Individual 0015
PERS_0016,Individual 0016
PERS_0017,Individual 0017
PERS_0018,Individual 0018
PERS_0019,Individual 0019
PERS_0020,Individual 0020
PERS_0021,Individual 0021
PERS_0022,Individual 0022
PERS_0023,Individual 0023
PERS_0024,Individual 0024
PERS_0025,Individual 0025
PERS_0026,Individual 0026
PERS_0027,Individual 0027
PERS_0028,Individual 0028
PERS_0029,Individual 0029
PERS_0030,Individual 0030
PERS_0031,Individual 0031
PERS_0032,Individual 0032
PERS_0033,Individual 0033
PERS_0034,Individual 0034
PERS_0035,Individual 0035
PERS_0036,Individual 0036
PERS_0037,Individual 0037
PERS_0038,Individual 0038
PERS_0039,Individual 0039
PERS_0040,Individual 0040
PERS_0041,Individual 0041
PERS_0042,Individual 0042
PERS_0043,Individual 0043
PERS_0044,Individual 0044
PERS_0045,Individual 0045
PERS_0046,Individual 0046
PERS_0047,Individual 0047
PERS_0048,Individual 0048
PERS_0049,Individual 0049
PERS_0050,Individual 0050
PERS_0051,Individual 0051
PERS_0052,Individual 0052
PERS_0053,Individual 0053
PERS_0054,Individual 0054
PERS_0055,Individual 0055
PERS_0056,Individual 0056
PERS_0057,Individual 0057
PERS_0058,Individual 0058
PERS_0059,Individual 0059
PERS_0060,Individual 0060
PERS_0061,Individual 0061
PERS_0062,Individual 0062
PERS_0063,Individual 0063
PERS_0064,Individual 0064
PERS_0065,Individual 0065
PERS_0066,Individual 0066
PERS_0067,Individual 0067
PERS_0068,Individual 0068
PERS_0069,Individual 0069
PERS_0070,Individual 0070
PERS_0071,Individual 0071
PERS_0072,Individual 0072
PERS_0073,Individual 0073
PERS_0074,Individual 0074
PERS_0075,Individual 0075
PERS_0076,Individual 0076
PERS_0077,Individual 0077
PERS_0078,Individual 0078
PERS_0079,Individual 0079
PERS_0080,Individual 0080
PERS_0081,Individual 0081
PERS_0082,Individual 0082
PERS_0083,Individual 0083
PERS_0084,Individual 0084
PERS_0085,Individual 0085
PERS_0086,Individual 0086
PERS_0087,Individual 0087
PERS_0088,Individual 0088
PERS_0089,Individual 0089
PERS_0090,Individual 0090
PERS_0091,Individual 0091
PERS_0092,Individual 0092
PERS_0093,Individual 0093
PERS_0094,Individual 0094
PERS_0095,Individual 0095
PERS_0096,Individual 0096
PERS_0097,Individual 0097
PERS_0098,Individual 0098
PERS_0099,Individual 0099
PERS_0100,Individual 0100
PERS_0101,Individual 0101
PERS_0102,Individual 0102
PERS_0103,Individual 0103
PERS_0104,Individual 0104
PERS_0105,Individual 0105
PERS_0106,Individual 0106
PERS_0107,Individual 0107
PERS_0108,Individual 0108
PERS_0109,Individual 0109
PERS_0110,Individual 0110
PERS_0111,Individual 0111
PERS_0112,Individual 0112
PERS_0113,Individual 0113
PERS_0114,Individual 0114
PERS_0115,Individual 0115
PERS_0116,Individual 0116
PERS_0117,Individual 0117
PERS_0118,Individual 0118
PERS_0119,Individual 0119
PERS_0120,Individual 0120
PERS_0121,Individual 0121
PERS_0122,Individual 0122
PERS_0123,Individual 0123
PERS_0124,Individual 0124
PERS_0125,Individual 0125
PERS_0126,Individual 0126
PERS_0127,Individual 0127
PERS_0128,Individual 0128
PERS_0129,Individual 0129
PERS_0130,Individual 0130
PERS_0131,Individual 0131
PERS_0132,Individual 0132
PERS_0133,Individual 0133
PERS_0134,Individual 0134
PERS_0135,Individual 0135
PERS_0136,Individual 0136
PERS_0137,Individual 0137
PERS_0138,Individual 0138
PERS_0139,Individual 0139
PERS_0140,Individual 0140
PERS_0141,Individual 0141
PERS_0142,Individual 0142
PERS_0143,Individual 0143
PERS_0144,Individual 0144
PERS_0145,Individual 0145
PERS_0146,Individual 0146
PERS_0147,Individual 0147
PERS_0148,Individual 0148
PERS_0149,Individual 0149
PERS_0150,Individual 0150
PERS_0151,Individual 0151
PERS_0152,Individual 0152
PERS_0153,Individual 0153
PERS_0154,Individual 0154
PERS_0155,Individual 0155
PERS_0156,Individual 0156
PERS_0157,Individual 0157
PERS_0158,Individual 0158
PERS_0159,Individual 0159
PERS_0160,Individual 0160
PERS_0161,Individual 0161
PERS_0162,Individual 0162
PERS_0163,Individual 0163
PERS_0164,Individual 0164
PERS_0165,Individual 0165
PERS_0166,Individual 0166
PERS_0167,Individual 0167
PERS_0168,Individual 0168
PERS_0169,Individual 0169
PERS_0170,Individual 0170
PERS_0171,Individual 0171
PERS_0172,Individual 0172
PERS_0173,Individual 0173
PERS_0174,Individual 0174
PERS_0175,Individual 0175
PERS_0176,Individual 0176
PERS_0177,Individual 0177
PERS_0178,Individual 0178
PERS_0179,Individual 0179
PERS_0180,Individual 0180
PERS_0181,Individual 0181
PERS_0182,Individual 0182
PERS_0183,Individual 0183
PERS_0184,Individual 0184
PERS_0185,Individual 0185
PERS_0186,Individual 0186
PERS_0187,Individual 0187
PERS_0188,Individual 0188
PERS_0189,Individual 0189
PERS_0190,Individual 0190
PERS_0191,Individual 0191
PERS_0192,Individual 0192
PERS_0193,Individual 0193
PERS_0194,Individual 0194
PERS_0195,Individual 0195
PERS_0196,Individual 0196
PERS_0197,Individual 0197
PERS_0198,Individual 0198
PERS_0199,Individual 0199
